Season,Age_Group,Participation
Spring,Youth,65.99342830602247
Spring,Adult,59.72347139765763
Spring,Senior,46.29537707620138
Summer,Youth,88.04605971281605
Summer,Adult,74.53169325055333
Summer,Senior,54.53172608610164
Fall,Youth,73.15842563101478
Fall,Adult,66.53486945830582
Fall,Senior,49.0610512281301
Winter,Youth,46.08512008717193
Winter,Adult,39.073164614375074
Winter,Senior,29.068540492859487
