,GDP Growth,Inflation,Unemployment,Interest Rate,Trade Balance,Consumer Confidence,Industrial Production,Stock Market Index
GDP Growth,1.0,-0.20073580984422001,0.7211428902558659,0.37119030689824806,0.15785357471525852,-0.5503701752921016,-0.5504087674620758,-0.7070662205308809
Inflation,-0.20073580984422001,1.0,0.5858818332398963,0.16178401878913407,0.3329161244736727,-0.7670648091267162,0.7518557634591909,0.5319082252806748
Unemployment,0.7211428902558659,0.5858818332398963,1.0,-0.4602574229147582,-0.509080052468639,-0.5065527842345059,-0.31321241126473964,0.0396102906115805
Interest Rate,0.37119030689824806,0.16178401878913407,-0.4602574229147582,1.0,-0.10888797017261476,-0.33403337568313296,0.1789646315558071,-0.5768098229567331
Trade Balance,0.15785357471525852,0.3329161244736727,-0.509080052468639,-0.10888797017261476,1.0,-0.33256856234365095,-0.21382105073009328,-0.07028802525274247
Consumer Confidence,-0.5503701752921016,-0.7670648091267162,-0.5065527842345059,-0.33403337568313296,-0.33256856234365095,1.0,0.4562815382288219,-0.48052194854662444
Industrial Production,-0.5504087674620758,0.7518557634591909,-0.31321241126473964,0.1789646315558071,-0.21382105073009328,0.4562815382288219,1.0,0.022775101461778524
Stock Market Index,-0.7070662205308809,0.5319082252806748,0.0396102906115805,-0.5768098229567331,-0.07028802525274247,-0.48052194854662444,0.022775101461778524,1.0
