month,temperature
Jan,5.496714153011233
Feb,6.861735698828816
Mar,12.647688538100692
Apr,18.523029856408026
May,21.765846625276666
Jun,24.76586304305082
Jul,29.57921281550739
Aug,27.76743472915291
Sep,22.53052561406505
Oct,18.542560043585965
Nov,11.536582307187537
Dec,6.5342702464297435
