Country,Literacy_2000,Literacy_2020,Change
Russia,99.4,99.7,0.29999999999999716
South Africa,82.4,87.0,4.599999999999994
Mexico,90.5,95.2,4.700000000000003
China,90.9,96.8,5.8999999999999915
Brazil,86.4,93.2,6.799999999999997
Indonesia,88.5,95.7,7.200000000000003
Turkey,87.3,96.1,8.799999999999997
India,61.0,74.4,13.400000000000006
