Category,Amount,Percentage
Housing,1500,42.857142857142854
Food,800,22.857142857142858
Transport,400,11.428571428571429
Utilities,300,8.571428571428571
Healthcare,200,5.714285714285714
Entertainment,300,8.571428571428571
