Age_Group,Male,Female
0-9,-10496.714153011233,10767.43472915291
10-19,-9072.796842922511,8768.083564939843
20-29,-8944.058372004582,8855.75043661221
30-39,-8757.502690870098,7247.802553462529
40-49,-6640.775705188132,6483.303767572225
50-59,-5859.517825830492,6145.17736293962
60+,-6021.1906640638435,4205.094272777945
